{
  "cross_validation_scores": [
    0.4993935055379904,
    0.5017001730000596,
    0.5024359203802025,
    0.5044244268130207,
    0.5016902640789055
  ],
  "mean_cv_accuracy": 0.5019288579620357,
  "std_cv_accuracy": 0.0016138284885908556,
  "top_features": {
    "Llama": [
      [
        "imperfect",
        0.009610190452474209
      ],
      [
        "worthwhile",
        0.009597616585785224
      ],
      [
        "emerald description",
        0.00943397959546269
      ],
      [
        "serenene",
        0.009043530816556176
      ],
      [
        "serenene description",
        0.009013923983798714
      ],
      [
        "home",
        0.008811623840728495
      ],
      [
        "cycles",
        0.008526970432906003
      ],
      [
        "tortuous",
        0.008268188711059905
      ],
      [
        "worthwhile description",
        0.007356115179271304
      ],
      [
        "twisted",
        0.007104952179027211
      ],
      [
        "emerald",
        0.007015029503189559
      ],
      [
        "blooming",
        0.006802035161903944
      ],
      [
        "integrated",
        0.006664951750071967
      ],
      [
        "integrated description",
        0.00657957797120134
      ],
      [
        "description",
        0.006488389456023793
      ],
      [
        "hydrologic",
        0.00636130991033764
      ],
      [
        "refreshing",
        0.006028505654751781
      ],
      [
        "enticing description",
        0.0060048063403571
      ],
      [
        "twisted description",
        0.005886191260780486
      ],
      [
        "sanctuary",
        0.005848566765780325
      ]
    ],
    "Meta": [
      [
        "imperfect",
        0.009610190452474209
      ],
      [
        "worthwhile",
        0.009597616585785224
      ],
      [
        "emerald description",
        0.00943397959546269
      ],
      [
        "serenene",
        0.009043530816556176
      ],
      [
        "serenene description",
        0.009013923983798714
      ],
      [
        "home",
        0.008811623840728495
      ],
      [
        "cycles",
        0.008526970432906003
      ],
      [
        "tortuous",
        0.008268188711059905
      ],
      [
        "worthwhile description",
        0.007356115179271304
      ],
      [
        "twisted",
        0.007104952179027211
      ],
      [
        "emerald",
        0.007015029503189559
      ],
      [
        "blooming",
        0.006802035161903944
      ],
      [
        "integrated",
        0.006664951750071967
      ],
      [
        "integrated description",
        0.00657957797120134
      ],
      [
        "description",
        0.006488389456023793
      ],
      [
        "hydrologic",
        0.00636130991033764
      ],
      [
        "refreshing",
        0.006028505654751781
      ],
      [
        "enticing description",
        0.0060048063403571
      ],
      [
        "twisted description",
        0.005886191260780486
      ],
      [
        "sanctuary",
        0.005848566765780325
      ]
    ]
  },
  "unique_models": [
    "Meta",
    "Llama"
  ]
}